Workbook

Sheet Stored Daily Sales
B1: T01 | C1: T02 | D1: T03 | E1: T04 | F1: T05 | G1: B01 | H1: B02 | I1: B03 | J1: I01 | K1: I02 | L1: F01 | M1: F02 | N1: F03 | O1: A01 | P1: A02 | Q1: A03 | R1: A04 | S1: A05 | T1: TOTAL
A2: 44835 | B2: 0 | C2: 0 | D2: 1 | E2: 0 | F2: 0 | G2: 8 | H2: 0 | I2: 1 | J2: 0 | K2: 0 | L2: 0 | M2: 0 | N2: 0 | O2: 0 | P2: 0 | Q2: 0 | R2: 0 | S2: 0 | T2: =SUM(B2:S2) -> 10
A3: 44836 | B3: 1 | C3: 6 | D3: 4 | E3: 0 | F3: 0 | G3: 12 | H3: 2 | I3: 1 | J3: 0 | K3: 0 | L3: 1 | M3: 0 | N3: 0 | O3: 0 | P3: 0 | Q3: 0 | R3: 0 | S3: 0 | T3: =SUM(B3:S3) -> 27
A4: 44837 | B4: 0 | C4: 1 | D4: 1 | E4: 0 | F4: 0 | G4: 4 | H4: 4 | I4: 3 | J4: 0 | K4: 0 | L4: 0 | M4: 0 | N4: 0 | O4: 0 | P4: 0 | Q4: 0 | R4: 0 | S4: 0 | T4: =SUM(B4:S4) -> 13
A5: 44838 | B5: 1 | C5: 1 | D5: 3 | E5: 0 | F5: 0 | G5: 2 | H5: 1 | I5: 1 | J5: 0 | K5: 0 | L5: 0 | M5: 0 | N5: 0 | O5: 0 | P5: 0 | Q5: 0 | R5: 0 | S5: 0 | T5: =SUM(B5:S5) -> 9
A6: 44839 | B6: 0 | C6: 0 | D6: 2 | E6: 0 | F6: 0 | G6: 0 | H6: 0 | I6: 1 | J6: 0 | K6: 0 | L6: 0 | M6: 0 | N6: 0 | O6: 0 | P6: 0 | Q6: 0 | R6: 0 | S6: 0 | T6: =SUM(B6:S6) -> 3
A7: 44840 | B7: 0 | C7: 0 | D7: 0 | E7: 0 | F7: 0 | G7: 0 | H7: 0 | I7: 0 | J7: 0 | K7: 0 | L7: 0 | M7: 0 | N7: 0 | O7: 0 | P7: 0 | Q7: 0 | R7: 0 | S7: 0 | T7: =SUM(B7:S7) -> 0
A8: 44841 | B8: 0 | C8: 1 | D8: 1 | E8: 0 | F8: 0 | G8: 0 | H8: 0 | I8: 1 | J8: 0 | K8: 0 | L8: 2 | M8: 0 | N8: 0 | O8: 0 | P8: 0 | Q8: 0 | R8: 0 | S8: 0 | T8: =SUM(B8:S8) -> 5
A9: 44842 | B9: 0 | C9: 0 | D9: 0 | E9: 0 | F9: 0 | G9: 0 | H9: 0 | I9: 0 | J9: 0 | K9: 0 | L9: 0 | M9: 0 | N9: 0 | O9: 0 | P9: 0 | Q9: 0 | R9: 0 | S9: 0 | T9: =SUM(B9:S9) -> 0
A10: 44843 | B10: 0 | C10: 0 | D10: 0 | E10: 0 | F10: 0 | G10: 0 | H10: 0 | I10: 0 | J10: 0 | K10: 0 | L10: 0 | M10: 0 | N10: 0 | O10: 0 | P10: 0 | Q10: 0 | R10: 0 | S10: 0 | T10: =SUM(B10:S10) -> 0
A11: 44844 | B11: 0 | C11: 1 | D11: 0 | E11: 0 | F11: 0 | G11: 2 | H11: 0 | I11: 0 | J11: 0 | K11: 0 | L11: 0 | M11: 0 | N11: 0 | O11: 0 | P11: 0 | Q11: 0 | R11: 0 | S11: 0 | T11: =SUM(B11:S11) -> 3
A12: 44845 | B12: 0 | C12: 0 | D12: 0 | E12: 0 | F12: 0 | G12: 0 | H12: 0 | I12: 0 | J12: 0 | K12: 0 | L12: 0 | M12: 0 | N12: 0 | O12: 0 | P12: 0 | Q12: 0 | R12: 0 | S12: 0 | T12: =SUM(B12:S12) -> 0
A13: 44846 | B13: 0 | C13: 0 | D13: 0 | E13: 0 | F13: 0 | G13: 0 | H13: 0 | I13: 0 | J13: 0 | K13: 0 | L13: 0 | M13: 0 | N13: 0 | O13: 0 | P13: 0 | Q13: 0 | R13: 0 | S13: 0 | T13: =SUM(B13:S13) -> 0
... A93: 44926 | B93: 0 | C93: 0 | D93: 0 | E93: 0 | F93: 0 | G93: 0 | H93: 0 | I93: 0 | J93: 0 | K93: 0 | L93: 0 | M93: 0 | N93: 0 | O93: 0 | P93: 0 | Q93: 0 | R93: 0 | S93: 0 | T93: =SUM(B93:S93) -> 0
A94: TOTAL | B94: =SUM(B2:B93) -> 4 | C94: =SUM(C2:C93) -> 35 | D94: =SUM(D2:D93) -> 41 | E94: =SUM(E2:E93) -> 16 | F94: =SUM(F2:F93) -> 10 | G94: =SUM(G2:G93) -> 78 | H94: =SUM(H2:H93) -> 10 | I94: =SUM(I2:I93) -> 13 | ... T94: =SUM(T2:T93) -> 262

Sheet Stock Inventory
C1: 45200 | G1: 45231 | K1: 45261
A2: SKU | B2: ITEMS | C2: Opening Stock | D2: Purchases | E2: Sales | F2: Closing Stock | G2: Opening Stock | H2: Purchases | I2: Sales | J2: Closing Stock | K2: Opening Stock | L2: Purchases | M2: Sales | N2: Closing Stock
A3: T01 | B3: T-Shirts | C3: 20 | D3: 5 | E3: 3 | F3: =C3+D3-E3 -> 22 | G3: =F3 -> 22 | H3: 5 | I3: 0 | J3: =G3+H3-I3 -> 27 | K3: =J3 -> 27 | L3: 0 | M3: 1 | N3: =K3+L3-M3 -> 26
A4: T02 | B4: Casual Shirts | C4: 50 | D4: 10 | E4: 19 | F4: =C4+D4-E4 -> 41 | G4: =F4 -> 41 | H4: 15 | I4: 7 | J4: =G4+H4-I4 -> 49 | K4: =J4 -> 49 | L4: 0 | M4: 9 | N4: =K4+L4-M4 -> 40
A5: T03 | B5: Formal Shirts | C5: 65 | D5: 8 | E5: 27 | F5: =C5+D5-E5 -> 46 | G5: =F5 -> 46 | H5: 22 | I5: 7 | J5: =G5+H5-I5 -> 61 | K5: =J5 -> 61 | L5: 15 | M5: 7 | N5: =K5+L5-M5 -> 69
A6: T04 | B6: Sweatshirts | C6: 18 | D6: 12 | E6: 6 | F6: =C6+D6-E6 -> 24 | G6: =F6 -> 24 | H6: 12 | I6: 9 | J6: =G6+H6-I6 -> 27 | K6: =J6 -> 27 | L6: 10 | M6: 1 | N6: =K6+L6-M6 -> 36
A7: T05 | B7: Jackets | C7: 15 | D7: 2 | E7: 0 | F7: =C7+D7-E7 -> 17 | G7: =F7 -> 17 | H7: 0 | I7: 0 | J7: =G7+H7-I7 -> 17 | K7: =J7 -> 17 | L7: 5 | M7: 10 | N7: =K7+L7-M7 -> 12
A8: B01 | B8: Denim / Jeans | C8: 150 | D8: 10 | E8: 52 | F8: =C8+D8-E8 -> 108 | G8: =F8 -> 108 | H8: 30 | I8: 6 | J8: =G8+H8-I8 -> 132 | K8: =J8 -> 132 | L8: 20 | M8: 20 | N8: =K8+L8-M8 -> 132
A9: B02 | B9: Casual Trousers | C9: 45 | D9: 6 | E9: 8 | F9: =C9+D9-E9 -> 43 | G9: =F9 -> 43 | H9: 0 | I9: 2 | J9: =G9+H9-I9 -> 41 | K9: =J9 -> 41 | L9: 10 | M9: 0 | N9: =K9+L9-M9 -> 51
A10: B03 | B10: Formal Trousers | C10: 30 | D10: 5 | E10: 12 | F10: =C10+D10-E10 -> 23 | G10: =F10 -> 23 | H10: 8 | I10: 1 | J10: =G10+H10-I10 -> 30 | K10: =J10 -> 30 | L10: 0 | M10: 0 | N10: =K10+L10-M10 -> 30
A11: I01 | B11: Vests | C11: 15 | D11: 0 | E11: 0 | F11: =C11+D11-E11 -> 15 | G11: =F11 -> 15 | H11: 0 | I11: 0 | J11: =G11+H11-I11 -> 15 | K11: =J11 -> 15 | L11: 8 | M11: 0 | N11: =K11+L11-M11 -> 23
A12: I02 | B12: Briefs | C12: 10 | D12: 0 | E12: 0 | F12: =C12+D12-E12 -> 10 | G12: =F12 -> 10 | H12: 0 | I12: 0 | J12: =G12+H12-I12 -> 10 | K12: =J12 -> 10 | L12: 0 | M12: 0 | N12: =K12+L12-M12 -> 10
A13: F01 | B13: Shoes | C13: 55 | D13: 15 | E13: 8 | F13: =C13+D13-E13 -> 62 | G13: =F13 -> 62 | H13: 30 | I13: 10 | J13: =G13+H13-I13 -> 82 | K13: =J13 -> 82 | L13: 10 | M13: 36 | N13: =K13+L13-M13 -> 56
A14: F02 | B14: Socks | C14: 16 | D14: 0 | E14: 0 | F14: =C14+D14-E14 -> 16 | G14: =F14 -> 16 | H14: 0 | I14: 0 | J14: =G14+H14-I14 -> 16 | K14: =J14 -> 16 | L14: 0 | M14: 0 | N14: =K14+L14-M14 -> 16
... A20: A05 | B20: Hanky (Pack) | C20: 11 | D20: 0 | E20: 0 | F20: =C20+D20-E20 -> 11 | G20: =F20 -> 11 | H20: 0 | I20: 0 | J20: =G20+H20-I20 -> 11 | K20: =J20 -> 11 | L20: 4 | M20: 0 | N20: =K20+L20-M20 -> 15

Sheet ITEMS LIST
A1: CATEGORY | B1: SKU | C1: ITEMS | D1: MRP | E1: AVG SP | F1: AVG CP
A2: Topwear | B2: T01 | C2: T-Shirts | D2: 1399 | E2: 549 | F2: 365
A3: Topwear | B3: T02 | C3: Casual Shirts | D3: 2199 | E3: 699 | F3: 550
A4: Topwear | B4: T03 | C4: Formal Shirts | D4: 2299 | E4: 739 | F4: 620
A5: Topwear | B5: T04 | C5: Sweatshirts | D5: 2499 | E5: 899 | F5: 714
A6: Topwear | B6: T05 | C6: Jackets | D6: 4999 | E6: 1379 | F6: 890
A7: Bottomwear | B7: B01 | C7: Denim / Jeans | D7: 3499 | E7: 849 | F7: 530
A8: Bottomwear | B8: B02 | C8: Casual Trousers | D8: 2999 | E8: 1000 | F8: 768
A9: Bottomwear | B9: B03 | C9: Formal Trousers | D9: 2099 | E9: 680 | F9: 570
A10: Innerwear | B10: I01 | C10: Vests | D10: 250 | E10: 199 | F10: 140
A11: Innerwear | B11: I02 | C11: Briefs | D11: 399 | E11: 219 | F11: 132
A12: Footwear | B12: F01 | C12: Shoes | D12: 4199 | E12: 1469 | F12: 1184
A13: Footwear | B13: F02 | C13: Socks | D13: 150 | E13: 89 | F13: 59
... A19: Accessories | B19: A05 | C19: Hanky (Pack) | D19: 199 | E19: 80 | F19: 55

Sheet Monthly Sales
A3: Row Labels | B3: Sum of SALES | D3: Month | E3: Sales
A4: Oct | B4: 135 | D4: Oct | E4: 135
A5: Nov | B5: 42 | D5: Nov | E5: 42
A6: Dec | B6: 85 | D6: Dec | E6: 85
A7: Grand Total | B7: 262

Sheet Monthly Revenue
A3: Row Labels | B3: Sum of REVENUE | D3: Month | E3: Revenue
A4: Oct | B4: 112335 | D4: Oct | E4: 112335
A5: Nov | B5: 40621 | D5: Nov | E5: 40621
A6: Dec | B6: 97106 | D6: Dec | E6: 97106
A7: Grand Total | B7: 250062

Sheet Rev & Vol
A3: Row Labels | B3: Sum of REVENUE | C3: Sum of SALES | E3: Month | F3: Revenue | G3: Sales
A4: Oct | B4: 112335 | C4: 135 | E4: Oct | F4: 112335 | G4: 135
A5: Nov | B5: 40621 | C5: 42 | E5: Nov | F5: 40621 | G5: 42
A6: Dec | B6: 97106 | C6: 85 | E6: Dec | F6: 97106 | G6: 85
A7: Grand Total | B7: 250062 | C7: 262

Sheet SKU Sales
A3: Row Labels | B3: Sum of SALES | D3: SKU | E3: Sales | H3: SKU | I3: Sales | J3: Cumulative Frequency | K3: Percentage
A4: A01 | B4: 1 | D4: A01 | E4: 1 | H4: B01 | I4: 78 | J4: =I4 -> 78 | K4: =J4/$J$21 -> 0.29770992
A5: A02 | B5: 0 | D5: A02 | E5: 0 | H5: F01 | I5: 54 | J5: =J4+I5 -> 132 | K5: =J5/$J$21 -> 0.50381679
A6: A03 | B6: 0 | D6: A03 | E6: 0 | H6: T03 | I6: 41 | J6: =J5+I6 -> 173 | K6: =J6/$J$21 -> 0.66030534
A7: A04 | B7: 0 | D7: A04 | E7: 0 | H7: T02 | I7: 35 | J7: =J6+I7 -> 208 | K7: =J7/$J$21 -> 0.79389313
A8: A05 | B8: 0 | D8: A05 | E8: 0 | H8: T04 | I8: 16 | J8: =J7+I8 -> 224 | K8: =J8/$J$21 -> 0.85496183
A9: B01 | B9: 78 | D9: B01 | E9: 78 | H9: B03 | I9: 13 | J9: =J8+I9 -> 237 | K9: =J9/$J$21 -> 0.90458015
A10: B02 | B10: 10 | D10: B02 | E10: 10 | H10: B02 | I10: 10 | J10: =J9+I10 -> 247 | K10: =J10/$J$21 -> 0.94274809
A11: B03 | B11: 13 | D11: B03 | E11: 13 | H11: T05 | I11: 10 | J11: =J10+I11 -> 257 | K11: =J11/$J$21 -> 0.98091603
A12: F01 | B12: 54 | D12: F01 | E12: 54 | H12: T01 | I12: 4 | J12: =J11+I12 -> 261 | K12: =J12/$J$21 -> 0.99618321
A13: F02 | B13: 0 | D13: F02 | E13: 0 | H13: A01 | I13: 1 | J13: =J12+I13 -> 262 | K13: =J13/$J$21 -> 1
A14: F03 | B14: 0 | D14: F03 | E14: 0 | H14: A02 | I14: 0 | J14: =J13+I14 -> 262 | K14: =J14/$J$21 -> 1
A15: I01 | B15: 0 | D15: I01 | E15: 0 | H15: A03 | I15: 0 | J15: =J14+I15 -> 262 | K15: =J15/$J$21 -> 1
A16: I02 | B16: 0 | D16: I02 | E16: 0 | H16: A04 | I16: 0 | J16: =J15+I16 -> 262 | K16: =J16/$J$21 -> 1
... A21: T05 | B21: 10 | D21: T05 | E21: 10 | H21: I02 | I21: 0 | J21: =J20+I21 -> 262 | K21: =J21/$J$21 -> 1
A22: Grand Total | B22: 262

Sheet SKU Revenue
A3: Row Labels | B3: Sum of REVENUE | D3: SKU | E3: Revenue | G3: SKU | H3: Revenue | I3: Cumulative frequency | J3: Percentage
A4: A01 | B4: 540 | D4: A01 | E4: 540 | G4: F01 | H4: 79326 | I4: =H4 -> 79326 | J4: =I4/$I$21 -> 0.31722533
A5: A02 | B5: 0 | D5: A02 | E5: 0 | G5: B01 | H5: 66222 | I5: =I4+H5 -> 145548 | J5: =I5/$I$21 -> 0.58204765
A6: A03 | B6: 0 | D6: A03 | E6: 0 | G6: T03 | H6: 30299 | I6: =I5+H6 -> 175847 | J6: =I6/$I$21 -> 0.7032136
A7: A04 | B7: 0 | D7: A04 | E7: 0 | G7: T02 | H7: 24465 | I7: =I6+H7 -> 200312 | J7: =I7/$I$21 -> 0.80104934
A8: A05 | B8: 0 | D8: A05 | E8: 0 | G8: T04 | H8: 14384 | I8: =I7+H8 -> 214696 | J8: =I8/$I$21 -> 0.85857107
A9: B01 | B9: 66222 | D9: B01 | E9: 66222 | G9: T05 | H9: 13790 | I9: =I8+H9 -> 228486 | J9: =I9/$I$21 -> 0.9137174
A10: B02 | B10: 10000 | D10: B02 | E10: 10000 | G10: B02 | H10: 10000 | I10: =I9+H10 -> 238486 | J10: =I10/$I$21 -> 0.95370748
A11: B03 | B11: 8840 | D11: B03 | E11: 8840 | G11: B03 | H11: 8840 | I11: =I10+H11 -> 247326 | J11: =I11/$I$21 -> 0.98905871
A12: F01 | B12: 79326 | D12: F01 | E12: 79326 | G12: T01 | H12: 2196 | I12: =I11+H12 -> 249522 | J12: =I12/$I$21 -> 0.99784054
A13: F02 | B13: 0 | D13: F02 | E13: 0 | G13: A01 | H13: 540 | I13: =I12+H13 -> 250062 | J13: =I13/$I$21 -> 1
A14: F03 | B14: 0 | D14: F03 | E14: 0 | G14: A02 | H14: 0 | I14: =I13+H14 -> 250062 | J14: =I14/$I$21 -> 1
A15: I01 | B15: 0 | D15: I01 | E15: 0 | G15: A03 | H15: 0 | I15: =I14+H15 -> 250062 | J15: =I15/$I$21 -> 1
A16: I02 | B16: 0 | D16: I02 | E16: 0 | G16: A04 | H16: 0 | I16: =I15+H16 -> 250062 | J16: =I16/$I$21 -> 1
... A21: T05 | B21: 13790 | D21: T05 | E21: 13790 | G21: I02 | H21: 0 | I21: =I20+H21 -> 250062 | J21: =I21/$I$21 -> 1
A22: Grand Total | B22: 250062

Sheet WeekWise Sales
A3: Row Labels | B3: Sum of SALES | D3: Week no | E3: Sales
A4: 40 | B4: 10 | D4: 40 | E4: 10
A5: 41 | B5: 57 | D5: 41 | E5: 57
A6: 42 | B6: 3 | D6: 42 | E6: 3
A7: 43 | B7: 22 | D7: 43 | E7: 22
A8: 44 | B8: 33 | D8: 44 | E8: 33
A9: 45 | B9: 17 | D9: 45 | E9: 17
A10: 46 | B10: 7 | D10: 46 | E10: 7
A11: 47 | B11: 5 | D11: 47 | E11: 5
A12: 48 | B12: 12 | D12: 48 | E12: 12
A13: 49 | B13: 25 | D13: 49 | E13: 25
A14: 50 | B14: 15 | D14: 50 | E14: 15
A15: 51 | B15: 27 | D15: 51 | E15: 27
... A17: 53 | B17: 14 | D17: 53 | E17: 14
A18: Grand Total | B18: 262

Sheet WeekWise Revenue
A3: Row Labels | B3: Sum of REVENUE | D3: Week No. | E3: Revenue
A4: 40 | B4: 8211 | D4: 40 | E4: 8211
A5: 41 | B5: 46967 | D5: 41 | E5: 46967
A6: 42 | B6: 2397 | D6: 42 | E6: 2397
A7: 43 | B7: 18379 | D7: 43 | E7: 18379
A8: 44 | B8: 27450 | D8: 44 | E8: 27450
A9: 45 | B9: 14354 | D9: 45 | E9: 14354
A10: 46 | B10: 5605 | D10: 46 | E10: 5605
A11: 47 | B11: 4495 | D11: 47 | E11: 4495
A12: 48 | B12: 13129 | D12: 48 | E12: 13129
A13: 49 | B13: 26175 | D13: 49 | E13: 26175
A14: 50 | B14: 19825 | D14: 50 | E14: 19825
A15: 51 | B15: 29044 | D15: 51 | E15: 29044
... A17: 53 | B17: 16166 | D17: 53 | E17: 16166
A18: Grand Total | B18: 250062

Sheet DayWise Sales
A3: Row Labels | B3: Sum of SALES | F3: Day | G3: Sales
A4: Monday | B4: 51 | F4: Monday | G4: 51
A5: Tuesday | B5: 19 | F5: Tuesday | G5: 19
A6: Wednesday | B6: 25 | F6: Wednesday | G6: 25
A7: Thursday | B7: 11 | F7: Thursday | G7: 11
A8: Friday | B8: 43 | F8: Friday | G8: 43
A9: Saturday | B9: 66 | F9: Saturday | G9: 66
A10: Sunday | B10: 47 | F10: Sunday | G10: 47
A11: Grand Total | B11: 262

Sheet DayWise Revenue
A3: Row Labels | B3: Sum of REVENUE | D3: Day | E3: Revenue
A4: Monday | B4: 50946 | D4: Monday | E4: 50946
A5: Tuesday | B5: 20203 | D5: Tuesday | E5: 20203
A6: Wednesday | B6: 23798 | D6: Wednesday | E6: 23798
A7: Thursday | B7: 12449 | D7: Thursday | E7: 12449
A8: Friday | B8: 43598 | D8: Friday | E8: 43598
A9: Saturday | B9: 56761 | D9: Saturday | E9: 56761
A10: Sunday | B10: 42307 | D10: Sunday | E10: 42307
A11: Grand Total | B11: 250062

Sheet SKU Monthly Sales
B3: Column Labels
B4: Sum of SALES | E4: Sum of REVENUE | H4: Total Sum of SALES | I4: Total Sum of REVENUE | K4: SKU | L4: SALES
A5: Row Labels | B5: Oct | C5: Nov | D5: Dec | E5: Oct | F5: Nov | G5: Dec | L5: OCT | M5: NOV | N5: DEC
A6: A01 | B6: 0 | C6: 0 | D6: 1 | E6: 0 | F6: 0 | G6: 540 | H6: 1 | I6: 540 | K6: A01 | L6: 0 | M6: 0 | N6: 1
A7: A02 | B7: 0 | C7: 0 | D7: 0 | E7: 0 | F7: 0 | G7: 0 | H7: 0 | I7: 0 | K7: B01 | L7: 52 | M7: 6 | N7: 20
A8: A03 | B8: 0 | C8: 0 | D8: 0 | E8: 0 | F8: 0 | G8: 0 | H8: 0 | I8: 0 | K8: B02 | L8: 8 | M8: 2 | N8: 0
A9: A04 | B9: 0 | C9: 0 | D9: 0 | E9: 0 | F9: 0 | G9: 0 | H9: 0 | I9: 0 | K9: B03 | L9: 12 | M9: 1 | N9: 0
A10: A05 | B10: 0 | C10: 0 | D10: 0 | E10: 0 | F10: 0 | G10: 0 | H10: 0 | I10: 0 | K10: F01 | L10: 8 | M10: 10 | N10: 36
A11: B01 | B11: 52 | C11: 6 | D11: 20 | E11: 44148 | F11: 5094 | G11: 16980 | H11: 78 | I11: 66222 | K11: T01 | L11: 3 | M11: 0 | N11: 1
A12: B02 | B12: 8 | C12: 2 | D12: 0 | E12: 8000 | F12: 2000 | G12: 0 | H12: 10 | I12: 10000 | K12: T02 | L12: 19 | M12: 7 | N12: 9
A13: B03 | B13: 12 | C13: 1 | D13: 0 | E13: 8160 | F13: 680 | G13: 0 | H13: 13 | I13: 8840 | K13: T03 | L13: 27 | M13: 7 | N13: 7
A14: F01 | B14: 8 | C14: 10 | D14: 36 | E14: 11752 | F14: 14690 | G14: 52884 | H14: 54 | I14: 79326 | K14: T04 | L14: 6 | M14: 9 | N14: 1
A15: F02 | B15: 0 | C15: 0 | D15: 0 | E15: 0 | F15: 0 | G15: 0 | H15: 0 | I15: 0 | K15: T05 | L15: 0 | M15: 0 | N15: 10
A16: F03 | B16: 0 | C16: 0 | D16: 0 | E16: 0 | F16: 0 | G16: 0 | H16: 0 | I16: 0
A17: I01 | B17: 0 | C17: 0 | D17: 0 | E17: 0 | F17: 0 | G17: 0 | H17: 0 | I17: 0
A18: I02 | B18: 0 | C18: 0 | D18: 0 | E18: 0 | F18: 0 | G18: 0 | H18: 0 | I18: 0
A19: T01 | B19: 3 | C19: 0 | D19: 1 | E19: 1647 | F19: 0 | G19: 549 | H19: 4 | I19: 2196
A20: T02 | B20: 19 | C20: 7 | D20: 9 | E20: 13281 | F20: 4893 | G20: 6291 | H20: 35 | I20: 24465
A21: T03 | B21: 27 | C21: 7 | D21: 7 | E21: 19953 | F21: 5173 | G21: 5173 | H21: 41 | I21: 30299
A22: T04 | B22: 6 | C22: 9 | D22: 1 | E22: 5394 | F22: 8091 | G22: 899 | H22: 16 | I22: 14384
A23: T05 | B23: 0 | C23: 0 | D23: 10 | E23: 0 | F23: 0 | G23: 13790 | H23: 10 | I23: 13790
A24: Grand Total | B24: 135 | C24: 42 | D24: 85 | E24: 112335 | F24: 40621 | G24: 97106 | H24: 262 | I24: 250062

Sheet SKU Monthly Revenue
A3: Sum of REVENUE | B3: Column Labels | H3: SKU | I3: MONTH
A4: Row Labels | B4: Oct | C4: Nov | D4: Dec | E4: Grand Total | I4: OCT | J4: NOV | K4: DEC
A5: A01 | B5: 0 | C5: 0 | D5: 540 | E5: 540 | H5: A01 | I5: 0 | J5: 0 | K5: 540
A6: A02 | B6: 0 | C6: 0 | D6: 0 | E6: 0 | H6: B01 | I6: 44148 | J6: 5094 | K6: 16980
A7: A03 | B7: 0 | C7: 0 | D7: 0 | E7: 0 | H7: B02 | I7: 8000 | J7: 2000 | K7: 0
A8: A04 | B8: 0 | C8: 0 | D8: 0 | E8: 0 | H8: B03 | I8: 8160 | J8: 680 | K8: 0
A9: A05 | B9: 0 | C9: 0 | D9: 0 | E9: 0 | H9: F01 | I9: 11752 | J9: 14690 | K9: 52884
A10: B01 | B10: 44148 | C10: 5094 | D10: 16980 | E10: 66222 | H10: T01 | I10: 1647 | J10: 0 | K10: 549
A11: B02 | B11: 8000 | C11: 2000 | D11: 0 | E11: 10000 | H11: T02 | I11: 13281 | J11: 4893 | K11: 6291
A12: B03 | B12: 8160 | C12: 680 | D12: 0 | E12: 8840 | H12: T03 | I12: 19953 | J12: 5173 | K12: 5173
A13: F01 | B13: 11752 | C13: 14690 | D13: 52884 | E13: 79326 | H13: T04 | I13: 5394 | J13: 8091 | K13: 899
A14: F02 | B14: 0 | C14: 0 | D14: 0 | E14: 0 | H14: T05 | I14: 0 | J14: 0 | K14: 13790
A15: F03 | B15: 0 | C15: 0 | D15: 0 | E15: 0
A16: I01 | B16: 0 | C16: 0 | D16: 0 | E16: 0
A17: I02 | B17: 0 | C17: 0 | D17: 0 | E17: 0
A18: T01 | B18: 1647 | C18: 0 | D18: 549 | E18: 2196
A19: T02 | B19: 13281 | C19: 4893 | D19: 6291 | E19: 24465
A20: T03 | B20: 19953 | C20: 5173 | D20: 5173 | E20: 30299
A21: T04 | B21: 5394 | C21: 8091 | D21: 899 | E21: 14384
A22: T05 | B22: 0 | C22: 0 | D22: 13790 | E22: 13790
A23: Grand Total | B23: 112335 | C23: 40621 | D23: 97106 | E23: 250062

Sheet Scatter Plot
A3: Row Labels | B3: Sum of SALES | C3: Sum of REVENUE | E3: SKUs | F3: SALES | G3: REVENUE
A4: A01 | B4: 1 | C4: 540 | E4: A01 | F4: 1 | G4: 540
A5: A02 | B5: 0 | C5: 0 | E5: A02 | F5: 0 | G5: 0
A6: A03 | B6: 0 | C6: 0 | E6: A03 | F6: 0 | G6: 0
A7: A04 | B7: 0 | C7: 0 | E7: A04 | F7: 0 | G7: 0
A8: A05 | B8: 0 | C8: 0 | E8: A05 | F8: 0 | G8: 0
A9: B01 | B9: 78 | C9: 66222 | E9: B01 | F9: 78 | G9: 66222
A10: B02 | B10: 10 | C10: 10000 | E10: B02 | F10: 10 | G10: 10000
A11: B03 | B11: 13 | C11: 8840 | E11: B03 | F11: 13 | G11: 8840
A12: F01 | B12: 54 | C12: 79326 | E12: F01 | F12: 54 | G12: 79326
A13: F02 | B13: 0 | C13: 0 | E13: F02 | F13: 0 | G13: 0
A14: F03 | B14: 0 | C14: 0 | E14: F03 | F14: 0 | G14: 0
A15: I01 | B15: 0 | C15: 0 | E15: I01 | F15: 0 | G15: 0
... A21: T05 | B21: 10 | C21: 13790 | E21: T05 | F21: 10 | G21: 13790
A22: Grand Total | B22: 262 | C22: 250062

Sheet Profit 
A3: Row Labels | B3: Sum of PROFIT | D3: SKUs | E3: Profit
A4: A01 | B4: 143 | D4: A01 | E4: 143
A5: A02 | B5: 0 | D5: B01 | E5: 24882
A6: A03 | B6: 0 | D6: B02 | E6: 2320
A7: A04 | B7: 0 | D7: B03 | E7: 1430
A8: A05 | B8: 0 | D8: F01 | E8: 15390
A9: B01 | B9: 24882 | D9: T01 | E9: 736
A10: B02 | B10: 2320 | D10: T02 | E10: 5215
A11: B03 | B11: 1430 | D11: T03 | E11: 4879
A12: F01 | B12: 15390 | D12: T04 | E12: 2960
A13: F02 | B13: 0 | D13: T05 | E13: 4890
A14: F03 | B14: 0
A15: I01 | B15: 0
A16: I02 | B16: 0
A17: T01 | B17: 736
A18: T02 | B18: 5215
A19: T03 | B19: 4879
A20: T04 | B20: 2960
A21: T05 | B21: 4890
A22: Grand Total | B22: 62845

Sheet Average Days of Inventory
A2: SKUs | B2: AVG OPN STK | C2: AVERAGE SALES | D2: Average Days of Inventory | G2: SKUs | H2: Average Days of Inventory
A3: T01 | B3: =AVERAGEIF('Stock Inventory'!$C$2:$N$2,"Opening Stock",'Stock Inventory'!$C3:$N3) -> 23 | C3: 1.33 | D3: =IF(C3=0,"Max ",B3/C3) -> 17.293233 | G3: A01 | H3: 20.2
A4: T02 | B4: =AVERAGEIF('Stock Inventory'!$C$2:$N$2,"Opening Stock",'Stock Inventory'!$C4:$N4) -> 46.666667 | C4: 11.67 | D4: =IF(C4=0,"Max ",B4/C4) -> 3.9988575 | G4: A02 | H4: Max
A5: T03 | B5: =AVERAGEIF('Stock Inventory'!$C$2:$N$2,"Opening Stock",'Stock Inventory'!$C5:$N5) -> 57.333333 | C5: 13.67 | D5: =IF(C5=0,"Max ",B5/C5) -> 4.194099 | G5: A03 | H5: Max
A6: T04 | B6: =AVERAGEIF('Stock Inventory'!$C$2:$N$2,"Opening Stock",'Stock Inventory'!$C6:$N6) -> 23 | C6: 5.33 | D6: =IF(C6=0,"Max ",B6/C6) -> 4.315197 | G6: A04 | H6: Max
A7: T05 | B7: =AVERAGEIF('Stock Inventory'!$C$2:$N$2,"Opening Stock",'Stock Inventory'!$C7:$N7) -> 16.333333 | C7: 3.33 | D7: =IF(C7=0,"Max ",B7/C7) -> 4.9049049 | G7: A05 | H7: Max
A8: B01 | B8: =AVERAGEIF('Stock Inventory'!$C$2:$N$2,"Opening Stock",'Stock Inventory'!$C8:$N8) -> 130 | C8: 26 | D8: =IF(C8=0,"Max ",B8/C8) -> 5 | G8: B01 | H8: 5
A9: B02 | B9: =AVERAGEIF('Stock Inventory'!$C$2:$N$2,"Opening Stock",'Stock Inventory'!$C9:$N9) -> 43 | C9: 3.33 | D9: =IF(C9=0,"Max ",B9/C9) -> 12.912913 | G9: B02 | H9: 12.912913
A10: B03 | B10: =AVERAGEIF('Stock Inventory'!$C$2:$N$2,"Opening Stock",'Stock Inventory'!$C10:$N10) -> 27.666667 | C10: 4.33 | D10: =IF(C10=0,"Max ",B10/C10) -> 6.3895304 | G10: B03 | H10: 6.3895304
A11: I01 | B11: =AVERAGEIF('Stock Inventory'!$C$2:$N$2,"Opening Stock",'Stock Inventory'!$C11:$N11) -> 15 | C11: 0 | D11: =IF(C11=0,"Max ",B11/C11) -> Max | G11: F01 | H11: 3.69
A12: I02 | B12: =AVERAGEIF('Stock Inventory'!$C$2:$N$2,"Opening Stock",'Stock Inventory'!$C12:$N12) -> 10 | C12: 0 | D12: =IF(C12=0,"Max ",B12/C12) -> Max | G12: F02 | H12: Max
A13: F01 | B13: =AVERAGEIF('Stock Inventory'!$C$2:$N$2,"Opening Stock",'Stock Inventory'!$C13:$N13) -> 66.333333 | C13: 18 | D13: =IF(C13=0,"Max ",B13/C13) -> 3.6851852 | G13: F03 | H13: Max
A14: F02 | B14: =AVERAGEIF('Stock Inventory'!$C$2:$N$2,"Opening Stock",'Stock Inventory'!$C14:$N14) -> 16 | C14: 0 | D14: =IF(C14=0,"Max ",B14/C14) -> Max | G14: I01 | H14: Max
A15: F03 | B15: =AVERAGEIF('Stock Inventory'!$C$2:$N$2,"Opening Stock",'Stock Inventory'!$C15:$N15) -> 16.333333 | C15: 0 | D15: =IF(C15=0,"Max ",B15/C15) -> Max | G15: I02 | H15: Max
A16: A01 | B16: =AVERAGEIF('Stock Inventory'!$C$2:$N$2,"Opening Stock",'Stock Inventory'!$C16:$N16) -> 6.6666667 | C16: 0.33 | D16: =IF(C16=0,"Max ",B16/C16) -> 20.20202 | G16: T01 | H16: 17.293233
A17: A02 | B17: =AVERAGEIF('Stock Inventory'!$C$2:$N$2,"Opening Stock",'Stock Inventory'!$C17:$N17) -> 7 | C17: 0 | D17: =IF(C17=0,"Max ",B17/C17) -> Max | G17: T02 | H17: 3.9988575
A18: A03 | B18: =AVERAGEIF('Stock Inventory'!$C$2:$N$2,"Opening Stock",'Stock Inventory'!$C18:$N18) -> 10 | C18: 0 | D18: =IF(C18=0,"Max ",B18/C18) -> Max | G18: T03 | H18: 4.194099
A19: A04 | B19: =AVERAGEIF('Stock Inventory'!$C$2:$N$2,"Opening Stock",'Stock Inventory'!$C19:$N19) -> 9 | C19: 0 | D19: =IF(C19=0,"Max ",B19/C19) -> Max | G19: T04 | H19: 4.315197
A20: A05 | B20: =AVERAGEIF('Stock Inventory'!$C$2:$N$2,"Opening Stock",'Stock Inventory'!$C20:$N20) -> 11 | C20: 0 | D20: =IF(C20=0,"Max ",B20/C20) -> Max | G20: T05 | H20: 4.9049049

Sheet Daily Sales
A1: DATE | B1: SKU | C1: SALES | D1: DAY | E1: WEEK N0. | F1: AVG SP | G1: AVG CP | H1: REVENUE | I1: TCP | J1: PROFIT
A2: {=_xlfn.SEQUENCE((DATE(2022,12,31)-DATE(2022,10,1)+1)*18,,DATE(2022,10,1),1/18)} -> 44835 | B2: T01 | C2: 0 | D2: =TEXT(A2,"dddd") -> Saturday | E2: 40 | F2: =VLOOKUP(B2,'ITEMS LIST'!$B$2:$F$19,4,FALSE) -> 549 | G2: =VLOOKUP(B2,'ITEMS LIST'!$B$2:$F$19,5,FALSE) -> 365 | H2: =C2*F2 -> 0 | I2: =C2*G2 -> 0 | J2: =H2-I2 -> 0
A3: 44835.056 | B3: T02 | C3: 0 | D3: =TEXT(A3,"dddd") -> Saturday | E3: 40 | F3: =VLOOKUP(B3,'ITEMS LIST'!$B$2:$F$19,4,FALSE) -> 699 | G3: =VLOOKUP(B3,'ITEMS LIST'!$B$2:$F$19,5,FALSE) -> 550 | H3: =C3*F3 -> 0 | I3: =C3*G3 -> 0 | J3: =H3-I3 -> 0
A4: 44835.111 | B4: T03 | C4: 1 | D4: =TEXT(A4,"dddd") -> Saturday | E4: 40 | F4: =VLOOKUP(B4,'ITEMS LIST'!$B$2:$F$19,4,FALSE) -> 739 | G4: =VLOOKUP(B4,'ITEMS LIST'!$B$2:$F$19,5,FALSE) -> 620 | H4: =C4*F4 -> 739 | I4: =C4*G4 -> 620 | J4: =H4-I4 -> 119
A5: 44835.167 | B5: T04 | C5: 0 | D5: =TEXT(A5,"dddd") -> Saturday | E5: 40 | F5: =VLOOKUP(B5,'ITEMS LIST'!$B$2:$F$19,4,FALSE) -> 899 | G5: =VLOOKUP(B5,'ITEMS LIST'!$B$2:$F$19,5,FALSE) -> 714 | H5: =C5*F5 -> 0 | I5: =C5*G5 -> 0 | J5: =H5-I5 -> 0
A6: 44835.222 | B6: T05 | C6: 0 | D6: =TEXT(A6,"dddd") -> Saturday | E6: 40 | F6: =VLOOKUP(B6,'ITEMS LIST'!$B$2:$F$19,4,FALSE) -> 1379 | G6: =VLOOKUP(B6,'ITEMS LIST'!$B$2:$F$19,5,FALSE) -> 890 | H6: =C6*F6 -> 0 | I6: =C6*G6 -> 0 | J6: =H6-I6 -> 0
A7: 44835.278 | B7: B01 | C7: 8 | D7: =TEXT(A7,"dddd") -> Saturday | E7: 40 | F7: =VLOOKUP(B7,'ITEMS LIST'!$B$2:$F$19,4,FALSE) -> 849 | G7: =VLOOKUP(B7,'ITEMS LIST'!$B$2:$F$19,5,FALSE) -> 530 | H7: =C7*F7 -> 6792 | I7: =C7*G7 -> 4240 | J7: =H7-I7 -> 2552
A8: 44835.333 | B8: B02 | C8: 0 | D8: =TEXT(A8,"dddd") -> Saturday | E8: 40 | F8: =VLOOKUP(B8,'ITEMS LIST'!$B$2:$F$19,4,FALSE) -> 1000 | G8: =VLOOKUP(B8,'ITEMS LIST'!$B$2:$F$19,5,FALSE) -> 768 | H8: =C8*F8 -> 0 | I8: =C8*G8 -> 0 | J8: =H8-I8 -> 0
A9: 44835.389 | B9: B03 | C9: 1 | D9: =TEXT(A9,"dddd") -> Saturday | E9: 40 | F9: =VLOOKUP(B9,'ITEMS LIST'!$B$2:$F$19,4,FALSE) -> 680 | G9: =VLOOKUP(B9,'ITEMS LIST'!$B$2:$F$19,5,FALSE) -> 570 | H9: =C9*F9 -> 680 | I9: =C9*G9 -> 570 | J9: =H9-I9 -> 110
A10: 44835.444 | B10: I01 | C10: 0 | D10: =TEXT(A10,"dddd") -> Saturday | E10: 40 | F10: =VLOOKUP(B10,'ITEMS LIST'!$B$2:$F$19,4,FALSE) -> 199 | G10: =VLOOKUP(B10,'ITEMS LIST'!$B$2:$F$19,5,FALSE) -> 140 | H10: =C10*F10 -> 0 | I10: =C10*G10 -> 0 | J10: =H10-I10 -> 0
A11: 44835.5 | B11: I02 | C11: 0 | D11: =TEXT(A11,"dddd") -> Saturday | E11: 40 | F11: =VLOOKUP(B11,'ITEMS LIST'!$B$2:$F$19,4,FALSE) -> 219 | G11: =VLOOKUP(B11,'ITEMS LIST'!$B$2:$F$19,5,FALSE) -> 132 | H11: =C11*F11 -> 0 | I11: =C11*G11 -> 0 | J11: =H11-I11 -> 0
A12: 44835.556 | B12: F01 | C12: 0 | D12: =TEXT(A12,"dddd") -> Saturday | E12: 40 | F12: =VLOOKUP(B12,'ITEMS LIST'!$B$2:$F$19,4,FALSE) -> 1469 | G12: =VLOOKUP(B12,'ITEMS LIST'!$B$2:$F$19,5,FALSE) -> 1184 | H12: =C12*F12 -> 0 | I12: =C12*G12 -> 0 | J12: =H12-I12 -> 0
A13: 44835.611 | B13: F02 | C13: 0 | D13: =TEXT(A13,"dddd") -> Saturday | E13: 40 | F13: =VLOOKUP(B13,'ITEMS LIST'!$B$2:$F$19,4,FALSE) -> 89 | G13: =VLOOKUP(B13,'ITEMS LIST'!$B$2:$F$19,5,FALSE) -> 59 | H13: =C13*F13 -> 0 | I13: =C13*G13 -> 0 | J13: =H13-I13 -> 0
A14: 44835.667 | B14: F03 | C14: 0 | D14: =TEXT(A14,"dddd") -> Saturday | E14: 40 | F14: =VLOOKUP(B14,'ITEMS LIST'!$B$2:$F$19,4,FALSE) -> 310 | G14: =VLOOKUP(B14,'ITEMS LIST'!$B$2:$F$19,5,FALSE) -> 206 | H14: =C14*F14 -> 0 | I14: =C14*G14 -> 0 | J14: =H14-I14 -> 0
... A1657: 44926.944 | B1657: A05 | C1657: 0 | D1657: =TEXT(A1657,"dddd") -> Saturday | E1657: 53 | F1657: =VLOOKUP(B1657,'ITEMS LIST'!$B$2:$F$19,4,FALSE) -> 80 | G1657: =VLOOKUP(B1657,'ITEMS LIST'!$B$2:$F$19,5,FALSE) -> 55 | H1657: =C1657*F1657 -> 0 | I1657: =C1657*G1657 -> 0 | J1657: =H1657-I1657 -> 0
